{
    "classification": {
        "model_name": "random_forest",
        "f1_score": 0.8990950226244344,
        "accuracy": 0.9,
        "all_metrics": {
            "accuracy": 0.9,
            "precision": 0.9064814814814816,
            "recall": 0.9,
            "f1_score": 0.8990950226244344,
            "roc_auc": 0.9676339285714286
        }
    }
}