Model,Problem_Type,Accuracy,Precision,Recall,F1_Score,ROC_AUC
random_forest,classification,0.9,0.9064814814814816,0.9,0.8990950226244344,0.9676339285714286
xgboost,classification,0.8833333333333333,0.8864761904761905,0.8833333333333333,0.882643386839388,0.9481026785714286
